date,zone_id,zone_name,wave_height,wave_period,wind_wave_height,swell_wave_height,swell_wave_period,wind_speed_10m,wind_gusts_10m,weather_code,month,wave_wind_ratio,swell_steepness,safety_class,safety_label
2026-03-27,0,Bay of Bengal (East),0.22,5.03125,0.04,0.2,3.247916666666667,15.1,33.5,3,3,0.01456953642384106,0.061577934573444515,0,SAFE
2026-03-27,1,Indian Ocean (South),1.16,10.197916666666666,0.06,1.1,9.266666666666667,23.7,38.9,51,3,0.04894514767932489,0.11870503597122302,1,CAUTION
2026-03-27,2,Gulf of Mannar (West),0.4,8.481250000000001,0.22,0.3,8.356250000000001,21.3,45.0,2,3,0.018779342723004695,0.035901271503365736,1,CAUTION
2026-03-27,3,Palk Strait (North),0.08,3.8833333333333333,0.06,0.06,5.552083333333333,14.8,30.6,3,3,0.005405405405405405,0.010806754221388368,0,SAFE
2026-03-27,4,Lakshadweep Sea (SW),0.92,10.491666666666667,0.14,0.88,8.758333333333333,15.0,39.6,3,3,0.06133333333333334,0.10047573739295909,0,SAFE
2026-03-28,0,Bay of Bengal (East),0.22,5.339583333333334,0.08,0.16,3.904166666666667,15.5,33.1,3,3,0.014193548387096775,0.040981856990394874,0,SAFE
2026-03-28,1,Indian Ocean (South),1.14,9.902083333333334,0.3,1.08,8.704166666666667,29.4,39.2,51,3,0.03877551020408163,0.1240785064624222,1,CAUTION
2026-03-28,2,Gulf of Mannar (West),0.58,6.954166666666667,0.24,0.48,7.285416666666666,16.2,35.6,51,3,0.03580246913580247,0.06588504432370604,0,SAFE
2026-03-28,3,Palk Strait (North),0.2,3.579166666666667,0.02,0.18,6.33125,9.7,25.6,3,3,0.02061855670103093,0.028430404738400788,0,SAFE
2026-03-28,4,Lakshadweep Sea (SW),0.96,9.533333333333333,0.32,0.9,8.581249999999999,15.0,42.5,53,3,0.064,0.10487982520029135,0,SAFE
2026-03-29,0,Bay of Bengal (East),0.22,5.266666666666667,0.1,0.18,5.291666666666667,16.4,36.0,3,3,0.013414634146341465,0.03401574803149606,0,SAFE
2026-03-29,1,Indian Ocean (South),1.1,10.004166666666666,0.22,1.0,8.635416666666666,21.6,28.4,63,3,0.05092592592592593,0.11580217129071171,1,CAUTION
2026-03-29,2,Gulf of Mannar (West),0.6,5.920833333333333,0.1,0.52,4.333333333333333,14.4,33.8,3,3,0.041666666666666664,0.12000000000000001,0,SAFE
2026-03-29,3,Palk Strait (North),0.2,3.2937499999999997,0.08,0.18,2.527083333333333,12.4,27.4,51,3,0.016129032258064516,0.07122835943940643,0,SAFE
2026-03-29,4,Lakshadweep Sea (SW),0.9,8.927083333333334,0.14,0.78,7.89375,13.0,36.4,53,3,0.06923076923076923,0.098812351543943,0,SAFE
2026-03-30,0,Bay of Bengal (East),0.2,5.229166666666667,0.1,0.16,4.08125,15.5,33.8,3,3,0.012903225806451613,0.03920367534456356,0,SAFE
2026-03-30,1,Indian Ocean (South),0.98,10.585416666666667,0.04,0.92,8.2375,18.2,24.5,51,3,0.05384615384615385,0.11168437025796661,0,SAFE
2026-03-30,2,Gulf of Mannar (West),0.3,7.1375,0.08,0.22,7.627083333333334,16.7,39.2,51,3,0.017964071856287425,0.028844577984157332,0,SAFE
2026-03-30,3,Palk Strait (North),0.16,2.9479166666666665,0.06,0.12,2.3291666666666666,14.2,29.2,3,3,0.011267605633802818,0.051520572450805005,0,SAFE
2026-03-30,4,Lakshadweep Sea (SW),0.74,10.360416666666667,0.1,0.6,8.208333333333334,13.3,36.7,51,3,0.0556390977443609,0.0730964467005076,0,SAFE
2026-03-31,0,Bay of Bengal (East),0.22,5.722916666666666,0.08,0.18,5.533333333333334,14.4,32.8,3,3,0.015277777777777777,0.0325301204819277,0,SAFE
2026-03-31,1,Indian Ocean (South),1.16,11.645833333333334,0.32,0.88,8.5375,23.3,34.2,53,3,0.04978540772532188,0.10307467057101026,1,CAUTION
2026-03-31,2,Gulf of Mannar (West),0.42,8.28125,0.24,0.3,10.295833333333333,18.8,39.6,1,3,0.02234042553191489,0.029138000809388914,0,SAFE
2026-03-31,3,Palk Strait (North),0.26,2.472916666666667,0.26,0.12,2.3979166666666667,17.0,34.2,0,3,0.015294117647058824,0.05004344048653345,0,SAFE
2026-03-31,4,Lakshadweep Sea (SW),0.86,12.566666666666668,0.12,0.84,12.125,14.9,42.1,61,3,0.05771812080536912,0.06927835051546391,0,SAFE
2026-04-01,0,Bay of Bengal (East),0.22,5.377083333333334,0.1,0.18,4.677083333333333,16.3,36.0,3,4,0.013496932515337423,0.03848552338530067,0,SAFE
2026-04-01,1,Indian Ocean (South),1.34,10.7875,0.36,0.94,9.085416666666667,26.8,34.9,61,4,0.05,0.10346250859894518,1,CAUTION
2026-04-01,2,Gulf of Mannar (West),0.42,9.029166666666667,0.26,0.32,9.456249999999999,20.3,43.6,3,4,0.020689655172413793,0.03384005287508262,1,CAUTION
2026-04-01,3,Palk Strait (North),0.22,2.733333333333333,0.2,0.12,3.2687500000000003,18.3,37.4,3,4,0.012021857923497267,0.03671128107074569,0,SAFE
2026-04-01,4,Lakshadweep Sea (SW),0.98,11.785416666666668,0.14,0.92,10.160416666666666,14.7,38.5,51,4,0.06666666666666667,0.0905474677055567,0,SAFE
2026-04-02,0,Bay of Bengal (East),0.22,5.3687499999999995,0.0,0.18,3.24375,14.9,33.8,63,4,0.01476510067114094,0.055491329479768786,0,SAFE
2026-04-02,1,Indian Ocean (South),1.26,10.535416666666666,0.22,1.12,8.827083333333333,20.0,29.2,61,4,0.063,0.12688222799150345,1,CAUTION
2026-04-02,2,Gulf of Mannar (West),0.38,9.283333333333333,0.14,0.36,8.752083333333333,14.4,35.3,55,4,0.02638888888888889,0.04113306355629612,0,SAFE
2026-04-02,3,Palk Strait (North),0.12,4.25,0.04,0.06,4.504166666666666,12.8,28.1,53,4,0.009375,0.01332099907493062,0,SAFE
2026-04-02,4,Lakshadweep Sea (SW),0.94,10.827083333333334,0.1,0.9,9.0625,11.4,34.9,63,4,0.08245614035087719,0.0993103448275862,0,SAFE
2026-04-03,0,Bay of Bengal (East),0.18,6.4624999999999995,0.0,0.14,5.175,11.6,24.5,63,4,0.015517241379310345,0.027053140096618362,0,SAFE
2026-04-03,1,Indian Ocean (South),1.04,11.49375,0.0,1.02,9.71875,24.9,33.8,63,4,0.04176706827309237,0.10495176848874599,1,CAUTION
2026-04-03,2,Gulf of Mannar (West),0.36,8.90625,0.14,0.32,7.547916666666667,13.3,31.7,55,4,0.027067669172932327,0.04239580458183825,0,SAFE
2026-04-03,3,Palk Strait (North),0.18,3.233333333333333,0.04,0.14,2.4166666666666665,11.2,24.8,63,4,0.016071428571428573,0.05793103448275863,0,SAFE
2026-04-03,4,Lakshadweep Sea (SW),0.78,11.75625,0.04,0.7,9.55625,13.7,38.2,55,4,0.05693430656934307,0.07325049051667756,0,SAFE
2026-04-04,0,Bay of Bengal (East),0.14,6.8687499999999995,0.0,0.1,6.210416666666667,13.0,28.4,63,4,0.01076923076923077,0.016101979201610196,0,SAFE
2026-04-04,1,Indian Ocean (South),1.08,11.791666666666666,0.14,1.06,9.727083333333333,21.6,28.8,51,4,0.05,0.10897408438637825,1,CAUTION
2026-04-04,2,Gulf of Mannar (West),0.72,6.989583333333333,0.5,0.42,7.33125,17.4,37.4,51,4,0.041379310344827586,0.05728900255754476,0,SAFE
2026-04-04,3,Palk Strait (North),0.36,2.7104166666666667,0.26,0.26,2.464583333333333,15.1,32.4,53,4,0.023841059602649005,0.10549450549450551,0,SAFE
2026-04-04,4,Lakshadweep Sea (SW),0.82,12.020833333333334,0.1,0.78,10.0375,12.5,36.0,3,4,0.06559999999999999,0.07770859277708593,0,SAFE
2026-04-05,0,Bay of Bengal (East),0.14,7.608333333333333,0.02,0.12,6.325,13.8,30.2,3,4,0.010144927536231885,0.018972332015810275,0,SAFE
2026-04-05,1,Indian Ocean (South),1.2,10.479166666666666,0.58,1.12,9.808333333333334,30.6,40.0,53,4,0.0392156862745098,0.11418861512319457,1,CAUTION
2026-04-05,2,Gulf of Mannar (West),0.88,4.870833333333334,0.7,0.56,4.229166666666667,20.3,41.8,3,4,0.04334975369458128,0.13241379310344828,1,CAUTION
2026-04-05,3,Palk Strait (North),0.38,3.060416666666667,0.3,0.36,2.814583333333333,18.0,34.6,63,4,0.021111111111111112,0.12790525536639527,0,SAFE
2026-04-05,4,Lakshadweep Sea (SW),1.16,9.685416666666667,0.44,0.88,9.914583333333333,16.3,44.3,51,4,0.07116564417177913,0.08875814246690482,1,CAUTION
2026-04-06,0,Bay of Bengal (East),0.14,7.239583333333333,0.02,0.1,6.827083333333333,19.7,40.0,63,4,0.007106598984771575,0.014647543484894722,0,SAFE
2026-04-06,1,Indian Ocean (South),1.32,8.391666666666667,0.82,0.96,9.775,35.6,46.4,51,4,0.03707865168539326,0.09820971867007672,2,DANGEROUS
2026-04-06,2,Gulf of Mannar (West),1.02,5.71875,0.72,0.98,4.414583333333334,20.1,36.7,63,4,0.050746268656716415,0.22199150542708823,1,CAUTION
2026-04-06,3,Palk Strait (North),0.34,3.7312499999999997,0.1,0.34,3.25625,17.9,31.0,63,4,0.018994413407821233,0.10441458733205375,0,SAFE
2026-04-06,4,Lakshadweep Sea (SW),1.42,7.572916666666667,0.46,1.12,5.385416666666667,19.3,49.0,63,4,0.07357512953367876,0.20796905222437137,1,CAUTION
2026-04-07,0,Bay of Bengal (East),0.16,8.514583333333333,0.0,0.12,8.083333333333334,15.6,28.1,53,4,0.010256410256410256,0.014845360824742266,0,SAFE
2026-04-07,1,Indian Ocean (South),1.28,8.0625,0.72,0.9,8.983333333333333,32.6,42.8,51,4,0.0392638036809816,0.10018552875695734,1,CAUTION
2026-04-07,2,Gulf of Mannar (West),0.7,5.195833333333334,0.42,0.56,4.204166666666667,15.1,34.2,3,4,0.046357615894039736,0.133201189296333,0,SAFE
2026-04-07,3,Palk Strait (North),0.3,3.2395833333333335,0.14,0.28,2.464583333333333,13.3,24.8,55,4,0.022556390977443608,0.11360946745562132,0,SAFE
2026-04-07,4,Lakshadweep Sea (SW),1.22,6.920833333333333,0.4,1.0,4.477083333333334,16.4,43.2,53,4,0.07439024390243903,0.22335970218706372,1,CAUTION
2026-04-08,0,Bay of Bengal (East),0.18,5.73125,0.08,0.14,4.754166666666667,14.7,31.0,3,4,0.012244897959183673,0.029447852760736196,0,SAFE
2026-04-08,1,Indian Ocean (South),1.3,8.504166666666666,0.46,0.82,8.387500000000001,23.2,32.8,53,4,0.05603448275862069,0.09776453055141578,1,CAUTION
2026-04-08,2,Gulf of Mannar (West),0.72,5.233333333333333,0.42,0.62,4.158333333333333,17.1,38.9,51,4,0.04210526315789473,0.14909819639278557,0,SAFE
2026-04-08,3,Palk Strait (North),0.3,3.435416666666667,0.1,0.3,2.795833333333333,12.1,24.8,51,4,0.024793388429752067,0.10730253353204174,0,SAFE
2026-04-08,4,Lakshadweep Sea (SW),1.24,7.481249999999999,0.34,1.04,5.2,15.7,42.8,53,4,0.07898089171974522,0.2,1,CAUTION
2026-04-09,0,Bay of Bengal (East),0.22,5.2124999999999995,0.06,0.2,4.170833333333333,11.0,24.8,3,4,0.02,0.04795204795204795,0,SAFE
2026-04-09,1,Indian Ocean (South),1.32,9.385416666666666,0.52,0.86,10.302083333333334,29.0,37.1,3,4,0.04551724137931035,0.08347826086956521,1,CAUTION
2026-04-09,2,Gulf of Mannar (West),0.66,5.616666666666667,0.4,0.52,4.675,18.5,40.3,51,4,0.03567567567567568,0.11122994652406418,0,SAFE
2026-04-09,3,Palk Strait (North),0.32,2.9770833333333333,0.22,0.28,2.6374999999999997,15.7,31.0,61,4,0.020382165605095544,0.10616113744075832,0,SAFE
2026-04-09,4,Lakshadweep Sea (SW),1.1,9.200000000000001,0.3,0.88,9.758333333333333,15.5,42.8,61,4,0.07096774193548387,0.09017933390264732,1,CAUTION
2026-04-10,0,Bay of Bengal (East),0.14,5.335416666666667,0.04,0.12,4.089583333333334,15.9,33.8,3,4,0.00880503144654088,0.029342842587875697,0,SAFE
2026-04-10,1,Indian Ocean (South),1.4,10.24375,0.22,1.06,8.716666666666667,18.0,23.8,63,4,0.07777777777777778,0.12160611854684512,1,CAUTION
2026-04-10,2,Gulf of Mannar (West),0.68,7.1187499999999995,0.26,0.52,6.529166666666666,14.6,32.4,51,4,0.04657534246575343,0.07964262922782388,0,SAFE
2026-04-10,3,Palk Strait (North),0.28,3.1604166666666664,0.12,0.26,3.0270833333333336,15.9,29.9,51,4,0.01761006289308176,0.08589125946317963,0,SAFE
2026-04-10,4,Lakshadweep Sea (SW),1.24,9.8875,0.34,0.98,7.54375,17.1,42.1,53,4,0.07251461988304093,0.12990886495443246,1,CAUTION
2026-04-11,0,Bay of Bengal (East),0.16,6.172916666666667,0.02,0.14,6.1375,16.4,35.6,51,4,0.009756097560975611,0.022810590631364563,0,SAFE
2026-04-11,1,Indian Ocean (South),1.2,11.389583333333334,0.22,0.94,9.472916666666666,24.3,32.0,63,4,0.04938271604938271,0.09923026171101824,1,CAUTION
2026-04-11,2,Gulf of Mannar (West),0.64,8.025,0.1,0.56,6.664583333333333,10.4,26.6,53,4,0.061538461538461535,0.08402625820568929,0,SAFE
2026-04-11,3,Palk Strait (North),0.28,3.8354166666666667,0.02,0.26,3.1062499999999997,12.3,25.2,3,4,0.022764227642276424,0.08370221327967808,0,SAFE
2026-04-11,4,Lakshadweep Sea (SW),1.04,11.747916666666667,0.08,0.74,10.164583333333333,11.1,33.8,61,4,0.0936936936936937,0.07280180364828859,1,CAUTION
2026-04-12,0,Bay of Bengal (East),0.22,4.3125,0.18,0.16,3.05625,15.1,36.4,51,4,0.01456953642384106,0.052351738241308794,0,SAFE
2026-04-12,1,Indian Ocean (South),1.22,12.924999999999999,0.0,0.96,8.572916666666666,14.4,22.3,61,4,0.08472222222222221,0.1119805589307412,1,CAUTION
2026-04-12,2,Gulf of Mannar (West),0.42,10.5375,0.1,0.38,10.033333333333333,13.9,33.8,61,4,0.030215827338129494,0.03787375415282392,0,SAFE
2026-04-12,3,Palk Strait (North),0.14,3.735416666666667,0.04,0.1,3.59375,16.5,32.0,3,4,0.008484848484848486,0.02782608695652174,0,SAFE
2026-04-12,4,Lakshadweep Sea (SW),1.02,13.470833333333333,0.02,0.9,11.706249999999999,12.7,37.1,61,4,0.08031496062992127,0.07688200747463962,1,CAUTION
2026-04-13,0,Bay of Bengal (East),0.2,5.227083333333334,0.04,0.18,3.8041666666666667,14.8,32.4,65,4,0.013513513513513514,0.04731653888280394,0,SAFE
2026-04-13,1,Indian Ocean (South),1.16,12.735416666666666,0.06,1.16,11.081249999999999,20.7,27.7,61,4,0.056038647342995164,0.10468133107727016,1,CAUTION
2026-04-13,2,Gulf of Mannar (West),0.4,12.058333333333332,0.02,0.4,10.579166666666667,14.6,27.7,55,4,0.027397260273972605,0.03781016148089799,0,SAFE
2026-04-13,3,Palk Strait (North),0.14,3.44375,0.02,0.12,2.65,12.8,22.3,53,4,0.010937500000000001,0.045283018867924525,0,SAFE
2026-04-13,4,Lakshadweep Sea (SW),0.98,13.402083333333332,0.0,0.98,11.702083333333334,9.6,30.2,55,4,0.10208333333333333,0.08374577176428698,0,SAFE
2026-04-14,0,Bay of Bengal (East),0.14,5.6000000000000005,0.04,0.12,5.722916666666666,11.4,27.4,61,4,0.012280701754385965,0.02096832908627594,0,SAFE
2026-04-14,1,Indian Ocean (South),1.18,11.706249999999999,0.1,1.14,10.002083333333333,18.6,26.3,63,4,0.06344086021505375,0.11397625494688605,1,CAUTION
2026-04-14,2,Gulf of Mannar (West),0.46,11.643749999999999,0.04,0.38,9.775,14.4,32.4,51,4,0.03194444444444444,0.03887468030690537,0,SAFE
2026-04-14,3,Palk Strait (North),0.12,3.5895833333333336,0.0,0.08,4.222916666666666,8.3,21.2,53,4,0.014457831325301203,0.018944252590034537,0,SAFE
2026-04-14,4,Lakshadweep Sea (SW),0.94,12.464583333333332,0.0,0.92,10.420833333333333,9.7,32.0,61,4,0.09690721649484536,0.0882846861255498,0,SAFE
2026-04-15,0,Bay of Bengal (East),0.18,5.522916666666667,0.12,0.14,5.091666666666667,14.3,32.4,51,4,0.012587412587412587,0.02749590834697218,0,SAFE
2026-04-15,1,Indian Ocean (South),1.2,11.641666666666666,0.04,1.16,9.11875,28.1,38.9,63,4,0.04270462633451957,0.12721041809458533,1,CAUTION
2026-04-15,2,Gulf of Mannar (West),0.5,9.15,0.22,0.4,9.391666666666667,13.2,30.6,51,4,0.03787878787878788,0.04259094942324756,0,SAFE
2026-04-15,3,Palk Strait (North),0.12,3.5583333333333336,0.02,0.08,4.6375,9.0,22.0,53,4,0.013333333333333332,0.017250673854447438,0,SAFE
2026-04-15,4,Lakshadweep Sea (SW),0.98,12.008333333333333,0.04,0.96,9.977083333333333,10.4,31.0,61,4,0.09423076923076923,0.09622050532470244,0,SAFE
2026-04-16,0,Bay of Bengal (East),0.2,5.152083333333334,0.12,0.14,4.552083333333333,16.4,35.6,51,4,0.012195121951219514,0.03075514874141877,0,SAFE
2026-04-16,1,Indian Ocean (South),1.28,11.674999999999999,0.12,1.24,10.043750000000001,18.4,26.6,55,4,0.06956521739130435,0.12345986309894211,1,CAUTION
2026-04-16,2,Gulf of Mannar (West),0.58,7.827083333333333,0.34,0.4,8.141666666666667,18.1,42.8,61,4,0.03204419889502762,0.04912998976458546,0,SAFE
2026-04-16,3,Palk Strait (North),0.2,3.00625,0.08,0.2,2.2083333333333335,14.0,27.7,3,4,0.014285714285714287,0.09056603773584905,0,SAFE
2026-04-16,4,Lakshadweep Sea (SW),1.0,11.927083333333334,0.04,0.98,10.179166666666667,11.3,33.5,55,4,0.08849557522123894,0.09627507163323781,1,CAUTION
2026-04-17,0,Bay of Bengal (East),0.2,5.583333333333333,0.1,0.14,5.1375,16.3,34.9,3,4,0.012269938650306749,0.027250608272506083,0,SAFE
2026-04-17,1,Indian Ocean (South),1.2,11.408333333333333,0.02,1.2,9.9,14.7,20.9,51,4,0.0816326530612245,0.1212121212121212,1,CAUTION
2026-04-17,2,Gulf of Mannar (West),0.48,8.945833333333333,0.04,0.4,8.583333333333334,16.7,40.0,51,4,0.02874251497005988,0.04660194174757282,0,SAFE
2026-04-17,3,Palk Strait (North),0.18,3.3395833333333336,0.04,0.18,3.6145833333333335,14.8,28.8,3,4,0.012162162162162161,0.04979827089337176,0,SAFE
2026-04-17,4,Lakshadweep Sea (SW),0.92,11.277083333333332,0.04,0.9,9.50625,11.1,28.8,53,4,0.08288288288288288,0.09467455621301776,0,SAFE
2026-04-18,0,Bay of Bengal (East),0.18,5.7875000000000005,0.1,0.14,5.5249999999999995,16.7,36.4,51,4,0.010778443113772455,0.025339366515837108,0,SAFE
2026-04-18,1,Indian Ocean (South),1.16,11.179166666666667,0.04,1.16,9.002083333333333,18.6,27.0,53,4,0.06236559139784945,0.12885906040268455,1,CAUTION
2026-04-18,2,Gulf of Mannar (West),0.38,8.416666666666666,0.14,0.36,7.720833333333334,18.7,42.5,51,4,0.020320855614973262,0.04662709120345385,0,SAFE
2026-04-18,3,Palk Strait (North),0.14,3.4812499999999997,0.06,0.1,3.766666666666667,13.2,26.6,1,4,0.010606060606060608,0.02654867256637168,0,SAFE
2026-04-18,4,Lakshadweep Sea (SW),0.8,11.356250000000001,0.04,0.78,8.991666666666667,11.9,33.1,53,4,0.06722689075630252,0.08674698795180723,0,SAFE
2026-04-19,0,Bay of Bengal (East),0.18,4.9750000000000005,0.14,0.14,5.285416666666666,16.5,37.8,55,4,0.010909090909090908,0.026487977926685065,0,SAFE
2026-04-19,1,Indian Ocean (South),1.06,11.44375,0.0,1.02,8.36875,9.8,15.5,53,4,0.10816326530612244,0.12188200149365197,1,CAUTION
2026-04-19,2,Gulf of Mannar (West),0.38,8.677083333333334,0.14,0.3,8.53125,14.0,33.8,51,4,0.027142857142857142,0.035164835164835165,0,SAFE
2026-04-19,3,Palk Strait (North),0.14,2.88125,0.08,0.1,2.6604166666666664,12.4,28.4,3,4,0.011290322580645162,0.037588097102584185,0,SAFE
2026-04-19,4,Lakshadweep Sea (SW),0.8,11.747916666666667,0.04,0.7,7.877083333333334,11.1,33.8,53,4,0.07207207207207207,0.08886537952922506,0,SAFE
2026-04-20,0,Bay of Bengal (East),0.24,5.327083333333333,0.22,0.22,5.4875,15.2,34.2,63,4,0.015789473684210527,0.04009111617312073,0,SAFE
2026-04-20,1,Indian Ocean (South),1.26,11.435416666666667,0.0,1.26,9.2125,26.2,36.0,61,4,0.048091603053435114,0.1367706919945726,1,CAUTION
2026-04-20,2,Gulf of Mannar (West),0.4,7.2437499999999995,0.16,0.26,7.6375,18.0,40.0,55,4,0.022222222222222223,0.03404255319148936,0,SAFE
2026-04-20,3,Palk Strait (North),0.16,2.8666666666666667,0.04,0.16,2.1729166666666666,11.6,25.9,61,4,0.013793103448275864,0.07363374880153405,0,SAFE
2026-04-20,4,Lakshadweep Sea (SW),0.96,11.65,0.02,0.96,9.19375,12.8,38.2,63,4,0.075,0.104418762746431,0,SAFE
2026-04-21,0,Bay of Bengal (East),0.18,5.166666666666667,0.1,0.14,4.53125,15.0,35.3,63,4,0.012,0.030896551724137935,0,SAFE
2026-04-21,1,Indian Ocean (South),1.24,10.74375,0.0,1.24,8.725,15.6,22.0,63,4,0.07948717948717948,0.14212034383954156,1,CAUTION
2026-04-21,2,Gulf of Mannar (West),0.4,8.789583333333333,0.0,0.3,8.679166666666667,9.2,25.6,53,4,0.04347826086956522,0.03456553048487758,0,SAFE
2026-04-21,3,Palk Strait (North),0.16,3.422916666666667,0.04,0.14,2.9291666666666667,16.0,31.7,51,4,0.01,0.04779516358463727,0,SAFE
2026-04-21,4,Lakshadweep Sea (SW),0.94,10.956249999999999,0.02,0.92,8.960416666666667,12.0,32.8,53,4,0.07833333333333332,0.10267379679144385,0,SAFE
2026-04-22,0,Bay of Bengal (East),0.22,5.035416666666666,0.12,0.18,4.54375,14.8,33.1,55,4,0.014864864864864864,0.03961485557083906,0,SAFE
2026-04-22,1,Indian Ocean (South),1.16,10.916666666666666,0.0,1.1,8.672916666666667,14.8,24.8,63,4,0.07837837837837837,0.1268316118184002,1,CAUTION
2026-04-22,2,Gulf of Mannar (West),0.3,9.614583333333334,0.02,0.28,8.981250000000001,13.2,32.8,61,4,0.022727272727272728,0.031176061238691717,0,SAFE
2026-04-22,3,Palk Strait (North),0.08,4.420833333333333,0.02,0.04,4.689583333333334,12.7,25.6,51,4,0.006299212598425198,0.008529542425588626,0,SAFE
2026-04-22,4,Lakshadweep Sea (SW),0.88,10.802083333333334,0.14,0.8,8.141666666666667,12.5,37.1,51,4,0.0704,0.09825997952917093,0,SAFE
2026-04-23,0,Bay of Bengal (East),0.2,4.6937500000000005,0.14,0.14,4.252083333333333,15.9,36.0,53,4,0.012578616352201259,0.0329250367466928,0,SAFE
2026-04-23,1,Indian Ocean (South),1.36,11.56875,0.0,1.34,9.0,16.4,24.5,65,4,0.0829268292682927,0.1488888888888889,1,CAUTION
2026-04-23,2,Gulf of Mannar (West),0.32,9.289583333333333,0.02,0.28,7.595833333333334,12.6,30.6,55,4,0.025396825396825397,0.03686231486560614,0,SAFE
2026-04-23,3,Palk Strait (North),0.12,3.6354166666666665,0.04,0.1,3.59375,14.5,27.4,51,4,0.008275862068965517,0.02782608695652174,0,SAFE
2026-04-23,4,Lakshadweep Sea (SW),0.94,11.577083333333334,0.04,0.94,9.143749999999999,11.3,34.2,63,4,0.08318584070796459,0.10280246069719755,0,SAFE
2026-04-24,0,Bay of Bengal (East),0.22,6.377083333333334,0.18,0.14,8.102083333333333,15.9,34.6,51,4,0.013836477987421384,0.01727950629982001,0,SAFE
2026-04-24,1,Indian Ocean (South),1.46,11.602083333333333,0.02,1.44,9.064583333333333,12.5,20.5,63,4,0.1168,0.15886003217651115,1,CAUTION
2026-04-24,2,Gulf of Mannar (West),0.38,7.997916666666666,0.18,0.3,8.24375,13.4,35.3,53,4,0.02835820895522388,0.03639120545868082,0,SAFE
2026-04-24,3,Palk Strait (North),0.14,2.9729166666666664,0.02,0.14,1.9791666666666667,12.4,28.1,3,4,0.011290322580645162,0.07073684210526317,0,SAFE
2026-04-24,4,Lakshadweep Sea (SW),1.12,11.702083333333334,0.18,0.98,9.05625,11.1,32.8,53,4,0.10090090090090091,0.10821256038647342,1,CAUTION
2026-04-25,0,Bay of Bengal (East),0.24,7.0375000000000005,0.18,0.18,7.55,17.5,38.9,53,4,0.013714285714285714,0.023841059602649005,0,SAFE
2026-04-25,1,Indian Ocean (South),1.5,11.327083333333334,0.14,1.42,9.397916666666667,18.2,24.5,53,4,0.08241758241758242,0.15109731766792284,1,CAUTION
2026-04-25,2,Gulf of Mannar (West),0.38,7.872916666666666,0.12,0.26,8.229166666666666,15.2,34.9,51,4,0.025,0.031594936708860766,0,SAFE
2026-04-25,3,Palk Strait (North),0.2,2.8395833333333336,0.16,0.12,2.160416666666667,20.6,39.2,3,4,0.009708737864077669,0.05554484088717453,1,CAUTION
2026-04-25,4,Lakshadweep Sea (SW),1.0,11.370833333333332,0.02,0.98,9.283333333333333,10.9,34.2,51,4,0.09174311926605504,0.10556552962298026,1,CAUTION
2026-04-26,0,Bay of Bengal (East),0.22,7.3374999999999995,0.12,0.16,7.6187499999999995,17.7,37.4,51,4,0.012429378531073447,0.021000820344544712,0,SAFE
2026-04-26,1,Indian Ocean (South),1.48,11.354166666666666,0.2,1.36,8.322916666666666,21.7,32.0,63,4,0.06820276497695853,0.16340425531914896,1,CAUTION
2026-04-26,2,Gulf of Mannar (West),0.34,9.1,0.14,0.28,9.066666666666666,14.1,39.6,61,4,0.024113475177304968,0.030882352941176475,0,SAFE
2026-04-26,3,Palk Strait (North),0.14,3.3020833333333335,0.08,0.1,3.2708333333333335,14.3,29.9,53,4,0.009790209790209791,0.030573248407643312,0,SAFE
2026-04-26,4,Lakshadweep Sea (SW),1.06,11.827083333333334,0.0,0.96,8.445833333333333,11.3,36.0,61,4,0.09380530973451327,0.11366551554020721,1,CAUTION
2026-04-27,0,Bay of Bengal (East),0.26,7.075,0.12,0.2,6.591666666666666,13.2,38.5,63,4,0.0196969696969697,0.030341340075853356,0,SAFE
2026-04-27,1,Indian Ocean (South),1.36,11.106250000000001,0.0,1.32,8.741666666666665,16.5,25.6,63,4,0.08242424242424243,0.15100095328884655,1,CAUTION
2026-04-27,2,Gulf of Mannar (West),0.46,8.075000000000001,0.22,0.3,7.883333333333333,13.7,32.8,63,4,0.033576642335766425,0.03805496828752643,0,SAFE
2026-04-27,3,Palk Strait (North),0.24,2.6916666666666664,0.14,0.2,2.095833333333333,13.0,29.9,51,4,0.01846153846153846,0.09542743538767397,0,SAFE
2026-04-27,4,Lakshadweep Sea (SW),0.98,11.604166666666666,0.02,0.96,8.835416666666667,11.7,33.8,63,4,0.08376068376068377,0.10865361942937986,0,SAFE
2026-04-28,0,Bay of Bengal (East),0.2,7.170833333333333,0.02,0.14,6.925,12.7,29.5,63,4,0.015748031496062995,0.02021660649819495,0,SAFE
2026-04-28,1,Indian Ocean (South),1.34,11.299999999999999,0.02,1.26,8.795833333333333,14.3,19.8,51,4,0.09370629370629371,0.14324964471814308,1,CAUTION
2026-04-28,2,Gulf of Mannar (West),0.58,6.185416666666666,0.34,0.3,7.789583333333333,14.9,33.8,53,4,0.03892617449664429,0.03851297138272265,0,SAFE
2026-04-28,3,Palk Strait (North),0.34,2.783333333333333,0.2,0.3,2.497916666666667,13.8,29.9,53,4,0.02463768115942029,0.12010008340283569,0,SAFE
2026-04-28,4,Lakshadweep Sea (SW),0.94,11.947916666666666,0.04,0.84,8.372916666666667,10.4,32.4,51,4,0.09038461538461538,0.1003234635481463,0,SAFE
2026-04-29,0,Bay of Bengal (East),0.18,7.0687500000000005,0.0,0.14,5.7875000000000005,17.6,36.7,63,4,0.010227272727272725,0.024190064794816415,0,SAFE
2026-04-29,1,Indian Ocean (South),1.42,11.291666666666666,0.22,1.16,8.762500000000001,22.4,35.3,63,4,0.06339285714285714,0.1323823109843081,1,CAUTION
2026-04-29,2,Gulf of Mannar (West),0.78,5.26875,0.52,0.46,5.808333333333334,19.6,40.7,53,4,0.03979591836734694,0.07919655667144906,0,SAFE
2026-04-29,3,Palk Strait (North),0.42,3.06875,0.34,0.36,3.0666666666666664,18.3,35.3,63,4,0.022950819672131147,0.11739130434782609,0,SAFE
2026-04-29,4,Lakshadweep Sea (SW),1.14,10.720833333333333,0.62,0.8,10.541666666666666,17.2,47.5,63,4,0.06627906976744186,0.07588932806324111,1,CAUTION
2026-04-30,0,Bay of Bengal (East),0.24,6.960416666666667,0.08,0.2,6.822916666666667,10.2,27.0,63,4,0.023529411764705882,0.02931297709923664,0,SAFE
2026-04-30,1,Indian Ocean (South),1.46,12.987499999999999,0.02,1.1,9.5625,24.5,33.1,61,4,0.05959183673469388,0.1150326797385621,1,CAUTION
2026-04-30,2,Gulf of Mannar (West),1.02,5.216666666666667,0.84,0.52,6.664583333333333,19.8,41.8,61,4,0.051515151515151514,0.07802438261956862,1,CAUTION
2026-04-30,3,Palk Strait (North),0.58,3.2583333333333333,0.54,0.36,3.7458333333333336,19.4,37.8,61,4,0.029896907216494847,0.0961067853170189,0,SAFE
2026-04-30,4,Lakshadweep Sea (SW),1.06,13.141666666666666,0.12,1.04,11.922916666666666,13.4,38.9,63,4,0.0791044776119403,0.08722697885724272,1,CAUTION
2026-05-01,0,Bay of Bengal (East),0.18,8.572916666666666,0.02,0.16,8.25,13.9,31.3,51,5,0.012949640287769784,0.019393939393939394,0,SAFE
2026-05-01,1,Indian Ocean (South),1.54,12.489583333333334,0.28,1.4,11.852083333333333,21.9,29.5,63,5,0.07031963470319635,0.11812269291615397,1,CAUTION
2026-05-01,2,Gulf of Mannar (West),1.06,4.98125,0.82,0.58,4.9312499999999995,22.8,47.5,51,5,0.04649122807017544,0.117617237008872,1,CAUTION
2026-05-01,3,Palk Strait (North),0.56,3.3395833333333336,0.52,0.32,4.060416666666667,21.3,40.7,53,5,0.026291079812206575,0.07880964597229348,1,CAUTION
2026-05-01,4,Lakshadweep Sea (SW),1.2,12.227083333333333,0.3,1.1,11.285416666666668,14.6,40.0,53,5,0.0821917808219178,0.09747092486616207,1,CAUTION
2026-05-02,0,Bay of Bengal (East),0.22,6.802083333333333,0.06,0.18,5.45,16.0,32.0,51,5,0.01375,0.03302752293577981,0,SAFE
2026-05-02,1,Indian Ocean (South),1.54,10.975,0.52,1.4,10.674999999999999,30.0,42.5,61,5,0.051333333333333335,0.13114754098360656,1,CAUTION
2026-05-02,2,Gulf of Mannar (West),1.26,5.197916666666667,1.08,0.62,6.445833333333333,22.8,45.7,51,5,0.05526315789473684,0.09618616677440207,1,CAUTION
2026-05-02,3,Palk Strait (North),0.64,3.564583333333333,0.62,0.34,4.377083333333333,22.7,42.8,61,5,0.028193832599118944,0.07767729652546407,1,CAUTION
2026-05-02,4,Lakshadweep Sea (SW),1.2,10.647916666666667,0.32,1.04,10.725,15.0,41.8,53,5,0.08,0.09696969696969697,1,CAUTION
2026-05-03,0,Bay of Bengal (East),0.26,5.589583333333334,0.24,0.1,7.3062499999999995,20.4,43.6,51,5,0.012745098039215688,0.013686911890504706,1,CAUTION
2026-05-03,1,Indian Ocean (South),1.46,9.4375,0.58,1.16,10.154166666666667,28.4,39.2,63,5,0.05140845070422535,0.11423881821912187,1,CAUTION
2026-05-03,2,Gulf of Mannar (West),1.28,5.041666666666667,1.1,0.56,5.8500000000000005,24.6,49.7,51,5,0.05203252032520325,0.09572649572649573,1,CAUTION
2026-05-03,3,Palk Strait (North),0.62,3.5979166666666664,0.56,0.36,4.4375,23.1,44.3,3,5,0.026839826839826837,0.08112676056338028,1,CAUTION
2026-05-03,4,Lakshadweep Sea (SW),1.22,8.745833333333334,0.38,0.88,10.391666666666667,16.0,40.7,61,5,0.07625,0.0846832397754611,1,CAUTION
2026-05-04,0,Bay of Bengal (East),0.14,6.408333333333334,0.1,0.1,7.8374999999999995,19.9,41.8,63,5,0.007035175879396986,0.012759170653907498,0,SAFE
2026-05-04,1,Indian Ocean (South),1.7,9.245833333333334,0.88,1.12,10.725,36.6,47.5,61,5,0.046448087431693985,0.10442890442890444,2,DANGEROUS
2026-05-04,2,Gulf of Mannar (West),1.3,5.347916666666666,1.12,0.72,6.152083333333334,25.6,52.6,51,5,0.05078125,0.1170335252285811,1,CAUTION
2026-05-04,3,Palk Strait (North),0.64,3.6687499999999997,0.58,0.4,4.402083333333334,23.2,43.9,53,5,0.027586206896551727,0.09086606720302887,1,CAUTION
2026-05-04,4,Lakshadweep Sea (SW),1.48,9.029166666666667,0.72,0.9,11.754166666666668,18.3,45.7,61,5,0.08087431693989071,0.07656859269762495,1,CAUTION
2026-05-05,0,Bay of Bengal (East),0.14,5.985416666666667,0.04,0.12,5.322916666666667,16.7,37.1,63,5,0.008383233532934133,0.022544031311154598,0,SAFE
2026-05-05,1,Indian Ocean (South),1.7,11.485416666666666,0.28,1.36,10.710416666666667,26.5,36.0,51,5,0.06415094339622641,0.12697918692861312,1,CAUTION
2026-05-05,2,Gulf of Mannar (West),1.14,6.8500000000000005,0.66,0.84,5.929166666666667,21.0,44.6,51,5,0.054285714285714284,0.14167252283907236,1,CAUTION
2026-05-05,3,Palk Strait (North),0.5,3.529166666666667,0.32,0.42,2.9729166666666664,19.4,38.2,61,5,0.025773195876288662,0.14127540294323757,0,SAFE
2026-05-05,4,Lakshadweep Sea (SW),1.5,11.333333333333334,0.06,1.04,13.575000000000001,11.3,30.2,51,5,0.1327433628318584,0.07661141804788213,1,CAUTION
2026-05-06,0,Bay of Bengal (East),0.14,7.333333333333333,0.02,0.1,6.879166666666666,14.5,31.3,51,5,0.009655172413793104,0.014536644457904301,0,SAFE
2026-05-06,1,Indian Ocean (South),1.64,13.777083333333332,0.04,1.32,14.5375,14.9,20.2,51,5,0.11006711409395972,0.09079965606190886,1,CAUTION
2026-05-06,2,Gulf of Mannar (West),0.8,8.543750000000001,0.26,0.52,12.364583333333334,18.1,40.3,63,5,0.04419889502762431,0.04205560235888795,0,SAFE
2026-05-06,3,Palk Strait (North),0.44,3.85,0.04,0.32,3.0395833333333333,12.6,24.1,51,5,0.03492063492063492,0.10527758738862235,0,SAFE
2026-05-06,4,Lakshadweep Sea (SW),1.44,14.03125,0.22,1.26,14.258333333333333,12.6,33.5,51,5,0.11428571428571428,0.08836937463471654,1,CAUTION
2026-05-07,0,Bay of Bengal (East),0.12,10.9625,0.0,0.12,10.237499999999999,13.6,32.0,53,5,0.008823529411764706,0.011721611721611722,0,SAFE
2026-05-07,1,Indian Ocean (South),1.52,13.095833333333333,0.08,1.24,12.8125,21.0,27.4,65,5,0.07238095238095238,0.09678048780487805,1,CAUTION
2026-05-07,2,Gulf of Mannar (West),0.62,10.902083333333332,0.12,0.46,11.147916666666667,11.5,29.2,65,5,0.05391304347826087,0.04126331526817417,0,SAFE
2026-05-07,3,Palk Strait (North),0.2,3.7541666666666664,0.04,0.18,2.716666666666667,10.0,21.6,53,5,0.02,0.06625766871165643,0,SAFE
2026-05-07,4,Lakshadweep Sea (SW),1.28,13.560416666666667,0.04,1.18,12.541666666666666,12.4,34.6,53,5,0.1032258064516129,0.09408637873754153,1,CAUTION
2026-05-08,0,Bay of Bengal (East),0.22,7.870833333333334,0.04,0.2,7.5562499999999995,15.3,33.1,65,5,0.01437908496732026,0.02646815550041357,0,SAFE
2026-05-08,1,Indian Ocean (South),1.44,12.410416666666668,0.04,1.3,10.652083333333334,17.2,22.3,63,5,0.08372093023255814,0.12204185409739879,1,CAUTION
2026-05-08,2,Gulf of Mannar (West),0.52,10.504166666666666,0.06,0.46,9.591666666666667,15.1,33.8,63,5,0.03443708609271524,0.04795829713292789,0,SAFE
2026-05-08,3,Palk Strait (North),0.26,3.579166666666667,0.24,0.2,5.060416666666667,15.4,29.2,63,5,0.016883116883116882,0.03952243721696171,0,SAFE
2026-05-08,4,Lakshadweep Sea (SW),1.2,12.583333333333334,0.02,1.16,10.825000000000001,13.5,38.9,61,5,0.08888888888888889,0.10715935334872978,1,CAUTION
2026-05-09,0,Bay of Bengal (East),0.26,6.333333333333333,0.02,0.22,5.158333333333333,11.5,27.7,63,5,0.022608695652173914,0.042649434571890146,0,SAFE
2026-05-09,1,Indian Ocean (South),1.4,10.09375,0.64,1.24,10.285416666666666,33.1,43.2,65,5,0.042296072507552865,0.12055904395381811,1,CAUTION
2026-05-09,2,Gulf of Mannar (West),0.44,8.956249999999999,0.18,0.4,8.885416666666666,16.2,34.6,65,5,0.027160493827160494,0.04501758499413834,0,SAFE
2026-05-09,3,Palk Strait (North),0.14,3.81875,0.06,0.1,5.895833333333333,12.7,26.6,63,5,0.011023622047244096,0.016961130742049472,0,SAFE
2026-05-09,4,Lakshadweep Sea (SW),1.0,10.427083333333334,0.34,0.98,9.808333333333334,13.0,36.4,61,5,0.07692307692307693,0.09991503823279524,1,CAUTION
2026-05-10,0,Bay of Bengal (East),0.24,6.1312500000000005,0.0,0.22,3.9645833333333336,8.5,22.3,65,5,0.028235294117647056,0.055491329479768786,0,SAFE
2026-05-10,1,Indian Ocean (South),1.32,8.981250000000001,0.52,0.7,10.59375,28.9,38.2,63,5,0.04567474048442907,0.06607669616519174,1,CAUTION
2026-05-10,2,Gulf of Mannar (West),0.36,8.672916666666667,0.08,0.32,7.720833333333334,10.7,23.8,61,5,0.03364485981308411,0.04144630329195898,0,SAFE
2026-05-10,3,Palk Strait (North),0.2,3.5666666666666664,0.08,0.16,3.139583333333333,11.5,26.3,61,5,0.017391304347826087,0.05096217650962177,0,SAFE
2026-05-10,4,Lakshadweep Sea (SW),0.9,9.316666666666666,0.18,0.62,9.372916666666667,12.8,32.8,63,5,0.0703125,0.06614803289619915,0,SAFE
2026-05-11,0,Bay of Bengal (East),0.26,5.635416666666667,0.1,0.2,3.7125,15.1,29.2,63,5,0.01721854304635762,0.05387205387205388,0,SAFE
2026-05-11,1,Indian Ocean (South),1.94,10.395833333333334,0.62,1.46,11.622916666666667,30.1,42.5,63,5,0.0644518272425249,0.1256139093027424,1,CAUTION
2026-05-11,2,Gulf of Mannar (West),0.6,9.897916666666667,0.02,0.42,8.918750000000001,10.2,28.1,61,5,0.058823529411764705,0.04709180098107918,0,SAFE
2026-05-11,3,Palk Strait (North),0.1,5.079166666666667,0.02,0.08,4.4312499999999995,12.0,26.6,51,5,0.008333333333333333,0.018053596614950637,0,SAFE
2026-05-11,4,Lakshadweep Sea (SW),1.58,11.15625,0.22,1.28,12.360416666666666,16.2,39.2,63,5,0.09753086419753088,0.10355637957188607,1,CAUTION
2026-05-12,0,Bay of Bengal (East),0.22,6.502083333333334,0.04,0.18,4.360416666666667,10.7,22.3,63,5,0.020560747663551402,0.04128045867176302,0,SAFE
2026-05-12,1,Indian Ocean (South),2.2,10.410416666666666,1.04,1.64,10.893749999999999,37.5,49.3,63,5,0.05866666666666667,0.15054503729202526,2,DANGEROUS
2026-05-12,2,Gulf of Mannar (West),0.78,9.414583333333333,0.32,0.58,7.26875,11.5,24.5,63,5,0.06782608695652174,0.07979363714531384,0,SAFE
2026-05-12,3,Palk Strait (North),0.12,5.327083333333333,0.02,0.12,4.1812499999999995,12.1,31.7,65,5,0.009917355371900827,0.02869955156950673,0,SAFE
2026-05-12,4,Lakshadweep Sea (SW),1.7,10.758333333333333,0.4,1.56,9.63125,13.8,35.3,63,5,0.12318840579710144,0.1619727449707982,1,CAUTION
2026-05-13,0,Bay of Bengal (East),0.26,4.608333333333333,0.24,0.1,6.29375,18.1,34.9,63,5,0.0143646408839779,0.015888778550148957,0,SAFE
2026-05-13,1,Indian Ocean (South),2.38,8.472916666666666,1.12,1.86,7.072916666666667,36.1,53.6,63,5,0.06592797783933517,0.26297496318114877,2,DANGEROUS
2026-05-13,2,Gulf of Mannar (West),1.16,6.8999999999999995,0.64,0.98,5.966666666666666,21.5,40.3,61,5,0.05395348837209302,0.16424581005586594,1,CAUTION
2026-05-13,3,Palk Strait (North),0.32,3.670833333333334,0.08,0.28,2.775,13.8,25.9,63,5,0.02318840579710145,0.10090090090090091,0,SAFE
2026-05-13,4,Lakshadweep Sea (SW),2.0,8.375,0.54,1.5,6.8875,15.1,36.0,63,5,0.13245033112582782,0.2177858439201452,2,DANGEROUS
2026-05-14,0,Bay of Bengal (East),0.3,3.6833333333333336,0.26,0.14,5.502083333333334,20.8,42.8,61,5,0.014423076923076922,0.02544490723210905,1,CAUTION
2026-05-14,1,Indian Ocean (South),2.36,8.354166666666666,1.1,1.96,6.98125,40.3,52.9,61,5,0.058560794044665014,0.28075201432408237,2,DANGEROUS
2026-05-14,2,Gulf of Mannar (West),1.46,6.55,1.14,1.04,6.425,23.0,48.2,63,5,0.06347826086956522,0.16186770428015565,1,CAUTION
2026-05-14,3,Palk Strait (North),0.64,3.891666666666667,0.54,0.4,3.8958333333333335,21.2,37.1,65,5,0.03018867924528302,0.10267379679144385,1,CAUTION
2026-05-14,4,Lakshadweep Sea (SW),1.96,8.21875,0.6,1.38,6.75,11.5,28.1,63,5,0.17043478260869566,0.20444444444444443,1,CAUTION
2026-05-15,0,Bay of Bengal (East),0.22,5.054166666666666,0.2,0.12,7.91875,17.3,36.0,53,5,0.012716763005780346,0.015153906866614048,0,SAFE
2026-05-15,1,Indian Ocean (South),2.48,8.202083333333333,1.5,1.74,6.485416666666667,41.8,57.6,61,5,0.05933014354066986,0.26829424991969164,2,DANGEROUS
2026-05-15,2,Gulf of Mannar (West),1.46,6.504166666666666,1.18,1.2,6.125,24.3,47.2,53,5,0.06008230452674897,0.19591836734693877,1,CAUTION
2026-05-15,3,Palk Strait (North),0.6,3.827083333333333,0.42,0.42,3.860416666666666,21.2,38.2,63,5,0.02830188679245283,0.10879654614139235,1,CAUTION
2026-05-15,4,Lakshadweep Sea (SW),2.08,8.064583333333333,0.52,1.5,6.075,19.0,49.7,61,5,0.10947368421052632,0.24691358024691357,2,DANGEROUS
2026-05-16,0,Bay of Bengal (East),0.18,5.977083333333333,0.04,0.14,4.560416666666667,27.1,50.4,53,5,0.006642066420664206,0.030698949291914118,1,CAUTION
2026-05-16,1,Indian Ocean (South),2.2,8.666666666666666,0.9,1.84,7.26875,37.2,46.8,53,5,0.05913978494623656,0.2531384350816853,2,DANGEROUS
2026-05-16,2,Gulf of Mannar (West),1.2,5.660416666666666,0.92,0.9,5.845833333333334,24.1,45.0,61,5,0.04979253112033195,0.1539558089807555,1,CAUTION
2026-05-16,3,Palk Strait (North),0.52,3.483333333333333,0.5,0.36,3.404166666666667,21.0,38.2,63,5,0.024761904761904763,0.10575275397796817,1,CAUTION
2026-05-16,4,Lakshadweep Sea (SW),2.0,8.089583333333334,0.86,1.44,7.527083333333334,21.2,55.1,53,5,0.09433962264150944,0.19130916136174922,2,DANGEROUS
2026-05-17,0,Bay of Bengal (East),0.28,3.9145833333333333,0.22,0.14,4.141666666666667,21.9,43.6,51,5,0.012785388127853884,0.033802816901408454,1,CAUTION
2026-05-17,1,Indian Ocean (South),2.06,8.85,0.62,1.88,7.677083333333333,28.3,36.0,51,5,0.07279151943462897,0.24488466757123473,2,DANGEROUS
2026-05-17,2,Gulf of Mannar (West),1.48,5.489583333333333,1.34,0.64,6.658333333333334,29.3,55.8,51,5,0.050511945392491465,0.09612015018773466,1,CAUTION
2026-05-17,3,Palk Strait (North),0.76,3.9166666666666665,0.68,0.34,4.970833333333333,28.7,52.9,51,5,0.0264808362369338,0.06839899413243923,1,CAUTION
2026-05-17,4,Lakshadweep Sea (SW),1.76,8.597916666666666,0.64,1.4,7.766666666666667,17.7,43.9,53,5,0.09943502824858758,0.1802575107296137,1,CAUTION
2026-05-18,0,Bay of Bengal (East),0.34,3.1041666666666665,0.3,0.14,5.354166666666667,25.4,51.5,53,5,0.013385826771653545,0.02614785992217899,1,CAUTION
2026-05-18,1,Indian Ocean (South),2.0,9.206249999999999,1.06,1.18,9.466666666666667,35.5,45.7,51,5,0.056338028169014086,0.12464788732394365,2,DANGEROUS
2026-05-18,2,Gulf of Mannar (West),1.76,5.664583333333333,1.66,0.48,7.922916666666667,31.7,59.0,51,5,0.0555205047318612,0.06058374967131212,1,CAUTION
2026-05-18,3,Palk Strait (North),0.9,4.214583333333334,0.86,0.3,5.73125,29.9,54.7,51,5,0.030100334448160536,0.05234460196292257,1,CAUTION
2026-05-18,4,Lakshadweep Sea (SW),1.8,8.579166666666667,0.94,1.24,9.341666666666667,17.9,45.0,61,5,0.1005586592178771,0.13273862622658342,1,CAUTION
2026-05-19,0,Bay of Bengal (East),0.36,3.0437499999999997,0.34,0.12,6.58125,27.8,54.4,51,5,0.012949640287769784,0.018233618233618232,1,CAUTION
2026-05-19,1,Indian Ocean (South),2.16,9.270833333333334,1.04,1.3,10.018749999999999,34.9,45.0,53,5,0.06189111747851003,0.12975670617592017,2,DANGEROUS
2026-05-19,2,Gulf of Mannar (West),1.94,5.9937499999999995,1.84,0.66,9.025,31.4,61.6,51,5,0.06178343949044586,0.07313019390581718,1,CAUTION
2026-05-19,3,Palk Strait (North),0.96,4.4937499999999995,0.94,0.36,6.1375,32.5,58.3,3,5,0.029538461538461538,0.058655804480651726,1,CAUTION
2026-05-19,4,Lakshadweep Sea (SW),2.08,8.575000000000001,0.98,1.42,9.0875,21.3,52.9,61,5,0.09765258215962441,0.15625859697386518,2,DANGEROUS
2026-05-20,0,Bay of Bengal (East),0.42,3.297916666666667,0.42,0.12,9.19375,30.1,57.6,3,5,0.013953488372093021,0.013052345343303875,1,CAUTION
2026-05-20,1,Indian Ocean (South),2.16,9.05625,1.12,1.24,9.679166666666667,37.6,48.6,53,5,0.0574468085106383,0.12811020232458029,2,DANGEROUS
2026-05-20,2,Gulf of Mannar (West),1.92,6.08125,1.8,0.8,8.320833333333333,31.8,61.2,3,5,0.06037735849056603,0.09614421632448675,1,CAUTION
2026-05-20,3,Palk Strait (North),1.0,4.460416666666666,0.96,0.4,6.004166666666666,29.5,52.9,3,5,0.03389830508474576,0.0666204024982651,1,CAUTION
2026-05-20,4,Lakshadweep Sea (SW),2.04,8.370833333333334,0.68,1.46,6.289583333333333,16.1,43.9,61,5,0.12670807453416147,0.23212984431931105,2,DANGEROUS
2026-05-21,0,Bay of Bengal (East),0.42,3.1645833333333333,0.4,0.12,8.725,27.5,52.6,3,5,0.015272727272727273,0.013753581661891117,1,CAUTION
2026-05-21,1,Indian Ocean (South),2.2,8.558333333333334,1.4,1.58,8.864583333333334,41.1,52.2,61,5,0.05352798053527981,0.1782373678025852,2,DANGEROUS
2026-05-21,2,Gulf of Mannar (West),2.08,6.1875,1.94,0.52,8.510416666666666,33.7,63.7,51,5,0.06172106824925816,0.06110159118727051,2,DANGEROUS
2026-05-21,3,Palk Strait (North),1.0,4.535416666666667,0.96,0.38,6.079166666666667,32.6,58.7,3,5,0.03067484662576687,0.06250856751199452,1,CAUTION
2026-05-21,4,Lakshadweep Sea (SW),2.2,8.297916666666667,0.72,1.9,5.729166666666667,20.3,48.6,65,5,0.10837438423645321,0.3316363636363636,2,DANGEROUS
2026-05-22,0,Bay of Bengal (East),0.56,3.2624999999999997,0.52,0.14,8.897916666666665,32.3,62.6,3,5,0.017337461300309602,0.01573402013579958,1,CAUTION
2026-05-22,1,Indian Ocean (South),2.28,8.112499999999999,1.4,1.64,7.635416666666667,42.8,61.6,53,5,0.05327102803738318,0.21478854024556615,2,DANGEROUS
2026-05-22,2,Gulf of Mannar (West),2.24,6.4437500000000005,2.12,1.3,7.470833333333334,40.3,76.0,3,5,0.05558312655086849,0.17401003904071388,2,DANGEROUS
2026-05-22,3,Palk Strait (North),0.86,4.2875000000000005,0.82,0.42,5.65625,33.9,61.2,3,5,0.02536873156342183,0.07425414364640884,1,CAUTION
2026-05-22,4,Lakshadweep Sea (SW),2.36,7.977083333333333,1.08,2.08,6.220833333333332,16.5,51.8,63,5,0.14303030303030304,0.33436034829202954,2,DANGEROUS
2026-05-23,0,Bay of Bengal (East),0.34,3.002083333333333,0.32,0.1,8.064583333333333,23.2,46.8,53,5,0.014655172413793105,0.012399896667527771,1,CAUTION
2026-05-23,1,Indian Ocean (South),2.08,8.322916666666666,1.18,1.44,6.29375,36.5,47.9,61,5,0.05698630136986302,0.22879841112214497,2,DANGEROUS
2026-05-23,2,Gulf of Mannar (West),1.6,6.202083333333333,1.36,1.36,6.066666666666666,28.3,50.4,3,5,0.05653710247349823,0.2241758241758242,1,CAUTION
2026-05-23,3,Palk Strait (North),0.66,3.56875,0.62,0.44,4.739583333333333,24.7,42.1,3,5,0.026720647773279354,0.09283516483516484,1,CAUTION
2026-05-23,4,Lakshadweep Sea (SW),2.16,8.018749999999999,0.64,1.9,5.7250000000000005,16.6,46.1,63,5,0.13012048192771083,0.33187772925764186,2,DANGEROUS
2026-05-24,0,Bay of Bengal (East),0.46,2.954166666666667,0.44,0.12,8.18125,27.8,55.8,3,5,0.016546762589928057,0.014667685255920548,1,CAUTION
2026-05-24,1,Indian Ocean (South),1.88,7.6375,1.22,1.54,7.675,37.8,49.3,53,5,0.04973544973544974,0.2006514657980456,2,DANGEROUS
2026-05-24,2,Gulf of Mannar (West),1.76,6.120833333333334,1.6,1.28,6.595833333333334,32.7,63.4,3,5,0.05382262996941896,0.19406190777005683,1,CAUTION
2026-05-24,3,Palk Strait (North),0.76,3.9270833333333335,0.72,0.4,4.722916666666666,28.3,51.8,3,5,0.02685512367491166,0.0846934274371416,1,CAUTION
2026-05-24,4,Lakshadweep Sea (SW),2.04,7.597916666666666,0.96,1.78,5.564583333333334,16.8,42.5,63,5,0.12142857142857143,0.31988019468363904,2,DANGEROUS
2026-05-25,0,Bay of Bengal (East),0.36,2.9645833333333336,0.34,0.1,7.027083333333334,24.9,50.4,51,5,0.014457831325301205,0.014230655203083309,1,CAUTION
2026-05-25,1,Indian Ocean (South),1.98,8.268749999999999,1.0,1.28,8.402083333333334,34.4,45.0,61,5,0.05755813953488372,0.15234316885693033,1,CAUTION
2026-05-25,2,Gulf of Mannar (West),1.8,5.764583333333333,1.7,1.1,6.154166666666666,33.5,64.4,3,5,0.05373134328358209,0.17874069058903186,1,CAUTION
2026-05-25,3,Palk Strait (North),0.92,4.085416666666666,0.9,0.32,5.5687500000000005,31.2,56.9,3,5,0.02948717948717949,0.05746352413019079,1,CAUTION
2026-05-25,4,Lakshadweep Sea (SW),1.88,8.341666666666667,0.74,1.4,6.539583333333333,18.2,44.6,63,5,0.10329670329670329,0.2140809174896464,1,CAUTION
2026-05-26,0,Bay of Bengal (East),0.38,2.8375,0.36,0.1,6.789583333333333,26.7,53.3,3,5,0.014232209737827716,0.014728444308069962,1,CAUTION
2026-05-26,1,Indian Ocean (South),2.22,9.789583333333333,1.0,1.46,12.633333333333333,34.8,45.7,53,5,0.06379310344827588,0.11556728232189974,2,DANGEROUS
2026-05-26,2,Gulf of Mannar (West),1.92,5.9937499999999995,1.76,0.76,8.46875,33.2,63.7,3,5,0.057831325301204814,0.08974169741697417,1,CAUTION
2026-05-26,3,Palk Strait (North),1.18,4.39375,1.18,0.36,5.825,31.8,58.3,3,5,0.03710691823899371,0.061802575107296136,1,CAUTION
2026-05-26,4,Lakshadweep Sea (SW),2.04,9.685416666666667,0.7,1.42,10.841666666666667,16.8,41.8,61,5,0.12142857142857143,0.1309761721752498,2,DANGEROUS
2026-05-27,0,Bay of Bengal (East),0.36,2.775,0.36,0.1,7.158333333333334,25.9,50.8,53,5,0.0138996138996139,0.013969732246798603,1,CAUTION
2026-05-27,1,Indian Ocean (South),2.44,11.706249999999999,0.9,1.98,12.960416666666667,32.5,46.1,63,5,0.07507692307692307,0.15277286609869795,2,DANGEROUS
2026-05-27,2,Gulf of Mannar (West),1.9,6.439583333333334,1.66,0.86,10.1,29.8,59.4,3,5,0.06375838926174496,0.08514851485148515,1,CAUTION
2026-05-27,3,Palk Strait (North),0.94,4.3,0.92,0.42,5.477083333333333,28.4,50.4,61,5,0.03309859154929577,0.07668314948649677,1,CAUTION
2026-05-27,4,Lakshadweep Sea (SW),2.34,11.28125,0.64,1.8,12.924999999999999,13.6,41.8,63,5,0.17205882352941176,0.13926499032882014,2,DANGEROUS
2026-05-28,0,Bay of Bengal (East),0.34,2.9499999999999997,0.32,0.1,6.84375,25.2,50.0,51,5,0.013492063492063493,0.014611872146118723,1,CAUTION
2026-05-28,1,Indian Ocean (South),2.46,11.081249999999999,0.74,2.02,11.583333333333334,32.8,41.4,55,5,0.07500000000000001,0.1743884892086331,2,DANGEROUS
2026-05-28,2,Gulf of Mannar (West),1.8,6.527083333333334,1.56,0.72,10.110416666666667,30.3,58.7,51,5,0.0594059405940594,0.07121368225839686,1,CAUTION
2026-05-28,3,Palk Strait (North),0.88,4.360416666666667,0.88,0.26,5.7,30.0,54.4,51,5,0.029333333333333333,0.0456140350877193,1,CAUTION
2026-05-28,4,Lakshadweep Sea (SW),2.3,10.725,0.82,1.84,11.666666666666666,16.4,41.8,55,5,0.1402439024390244,0.15771428571428572,2,DANGEROUS
2026-05-29,0,Bay of Bengal (East),0.36,3.0375,0.34,0.1,7.254166666666666,27.7,52.9,53,5,0.01299638989169675,0.013785180930499715,1,CAUTION
2026-05-29,1,Indian Ocean (South),2.26,10.760416666666666,0.86,1.88,10.995833333333332,31.9,40.7,53,5,0.07084639498432602,0.17097385373247442,2,DANGEROUS
2026-05-29,2,Gulf of Mannar (West),1.84,6.2562500000000005,1.66,0.64,8.991666666666667,31.3,60.8,3,5,0.05878594249201278,0.071177015755329,1,CAUTION
2026-05-29,3,Palk Strait (North),0.98,4.3625,0.98,0.28,5.885416666666667,31.4,55.4,51,5,0.031210191082802548,0.04757522123893806,1,CAUTION
2026-05-29,4,Lakshadweep Sea (SW),2.14,10.047916666666667,0.7,1.68,10.86875,17.2,47.9,53,5,0.1244186046511628,0.1545715928694652,2,DANGEROUS
2026-05-30,0,Bay of Bengal (East),0.4,3.05625,0.38,0.12,7.760416666666667,26.5,52.6,3,5,0.01509433962264151,0.015463087248322146,1,CAUTION
2026-05-30,1,Indian Ocean (South),2.22,9.85,0.72,1.86,9.729166666666666,35.1,45.4,51,5,0.06324786324786325,0.1911777301927195,2,DANGEROUS
2026-05-30,2,Gulf of Mannar (West),1.76,5.9624999999999995,1.54,0.86,7.304166666666667,32.8,64.1,3,5,0.05365853658536586,0.1177410154021677,1,CAUTION
2026-05-30,3,Palk Strait (North),0.88,4.222916666666666,0.86,0.36,5.585416666666667,31.3,57.2,3,5,0.028115015974440893,0.06445356210369264,1,CAUTION
2026-05-30,4,Lakshadweep Sea (SW),2.08,9.237499999999999,0.46,1.56,9.487499999999999,16.1,42.5,51,5,0.12919254658385093,0.16442687747035575,2,DANGEROUS
2026-05-31,0,Bay of Bengal (East),0.32,3.360416666666667,0.3,0.12,6.885416666666667,22.0,44.6,63,5,0.014545454545454545,0.017428139183055975,1,CAUTION
2026-05-31,1,Indian Ocean (South),1.9,9.258333333333333,0.66,1.58,8.814583333333333,32.7,41.4,51,5,0.05810397553516819,0.1792484046324746,1,CAUTION
2026-05-31,2,Gulf of Mannar (West),1.58,5.73125,1.34,0.94,6.7749999999999995,27.5,55.4,3,5,0.05745454545454546,0.13874538745387455,1,CAUTION
2026-05-31,3,Palk Strait (North),0.8,4.035416666666666,0.78,0.42,5.185416666666667,25.7,48.6,3,5,0.031128404669260704,0.08099638408999597,1,CAUTION
2026-05-31,4,Lakshadweep Sea (SW),1.8,8.46875,0.66,1.36,8.643749999999999,16.9,41.4,51,5,0.10650887573964499,0.15733911785972526,1,CAUTION
2026-06-01,0,Bay of Bengal (East),0.3,5.23125,0.26,0.12,6.3500000000000005,21.1,43.2,61,6,0.014218009478672985,0.018897637795275587,1,CAUTION
2026-06-01,1,Indian Ocean (South),1.96,10.352083333333333,0.6,1.76,10.145833333333334,28.6,36.7,51,6,0.06853146853146852,0.17347022587268993,1,CAUTION
2026-06-01,2,Gulf of Mannar (West),1.3,5.60625,1.1,0.7,7.804166666666667,27.2,54.0,2,6,0.04779411764705883,0.08969567538707954,1,CAUTION
2026-06-01,3,Palk Strait (North),0.72,3.795833333333333,0.7,0.44,4.977083333333334,25.9,48.6,1,6,0.0277992277992278,0.08840519045625785,1,CAUTION
2026-06-01,4,Lakshadweep Sea (SW),1.7,9.645833333333334,0.42,1.38,9.502083333333333,15.4,38.9,51,6,0.11038961038961038,0.14523130892348168,1,CAUTION
2026-06-02,0,Bay of Bengal (East),0.32,3.3625000000000003,0.28,0.14,6.854166666666667,22.9,48.6,51,6,0.013973799126637555,0.02042553191489362,1,CAUTION
2026-06-02,1,Indian Ocean (South),2.04,9.63125,0.96,1.68,10.014583333333333,37.3,47.5,53,6,0.0546916890080429,0.1677553567713751,2,DANGEROUS
2026-06-02,2,Gulf of Mannar (West),1.72,5.733333333333333,1.62,0.52,9.670833333333333,33.7,60.1,51,6,0.05103857566765578,0.053769926755708755,1,CAUTION
2026-06-02,3,Palk Strait (North),0.96,4.189583333333333,0.94,0.22,5.820833333333333,32.3,55.4,3,6,0.02972136222910217,0.03779527559055119,1,CAUTION
2026-06-02,4,Lakshadweep Sea (SW),2.0,9.133333333333333,1.08,1.36,9.766666666666667,19.4,47.9,55,6,0.10309278350515465,0.1392491467576792,2,DANGEROUS
2026-06-03,0,Bay of Bengal (East),0.42,3.15625,0.42,0.14,7.566666666666666,31.9,63.4,51,6,0.013166144200626959,0.01850220264317181,1,CAUTION
2026-06-03,1,Indian Ocean (South),2.32,8.591666666666667,1.22,1.48,9.772916666666667,38.2,53.3,61,6,0.06073298429319371,0.151438925602217,2,DANGEROUS
2026-06-03,2,Gulf of Mannar (West),2.14,6.120833333333334,2.08,0.62,8.895833333333334,35.1,66.6,51,6,0.06096866096866097,0.06969555035128805,2,DANGEROUS
2026-06-03,3,Palk Strait (North),1.08,4.483333333333333,1.04,0.46,5.952083333333333,30.6,57.2,51,6,0.03529411764705882,0.07728386419320966,1,CAUTION
2026-06-03,4,Lakshadweep Sea (SW),2.14,7.70625,1.2,1.58,6.96875,24.1,60.5,55,6,0.08879668049792531,0.22672645739910316,2,DANGEROUS
2026-06-04,0,Bay of Bengal (East),0.48,3.2062500000000003,0.46,0.14,8.766666666666667,31.2,64.4,61,6,0.015384615384615384,0.01596958174904943,1,CAUTION
2026-06-04,1,Indian Ocean (South),2.42,8.770833333333334,1.46,1.66,9.577083333333333,41.5,62.3,61,6,0.05831325301204819,0.17333043289101588,2,DANGEROUS
2026-06-04,2,Gulf of Mannar (West),2.14,6.23125,2.02,0.68,8.081249999999999,35.9,69.1,53,6,0.05961002785515321,0.08414539829853057,2,DANGEROUS
2026-06-04,3,Palk Strait (North),0.9,4.4624999999999995,0.86,0.5,6.0125,34.6,61.9,55,6,0.02601156069364162,0.08316008316008315,1,CAUTION
2026-06-04,4,Lakshadweep Sea (SW),2.36,7.779166666666666,1.74,1.74,6.53125,22.9,56.2,63,6,0.10305676855895196,0.2664114832535885,2,DANGEROUS
2026-06-05,0,Bay of Bengal (East),0.42,3.5708333333333333,0.4,0.14,9.581249999999999,31.1,64.4,51,6,0.013504823151125401,0.014611872146118724,1,CAUTION
2026-06-05,1,Indian Ocean (South),2.4,8.799999999999999,1.42,1.64,9.227083333333333,42.4,58.0,53,6,0.05660377358490566,0.1777376382930684,2,DANGEROUS
2026-06-05,2,Gulf of Mannar (West),2.12,6.179166666666667,1.96,1.04,7.2749999999999995,33.8,63.0,51,6,0.06272189349112427,0.14295532646048112,2,DANGEROUS
2026-06-05,3,Palk Strait (North),0.92,4.0625,0.88,0.36,5.425,26.8,49.7,3,6,0.034328358208955224,0.06635944700460829,1,CAUTION
2026-06-05,4,Lakshadweep Sea (SW),2.3,8.05625,1.2,1.84,6.133333333333333,20.4,49.7,61,6,0.11274509803921569,0.30000000000000004,2,DANGEROUS
2026-06-06,0,Bay of Bengal (East),0.42,3.752083333333333,0.4,0.16,9.164583333333333,30.4,60.5,51,6,0.01381578947368421,0.01745851329847693,1,CAUTION
2026-06-06,1,Indian Ocean (South),2.3,9.708333333333334,1.34,1.6,7.629166666666666,39.1,54.0,55,6,0.0588235294117647,0.20972146368104863,2,DANGEROUS
2026-06-06,2,Gulf of Mannar (West),1.98,5.904166666666666,1.94,0.68,8.072916666666666,36.0,65.9,51,6,0.055,0.08423225806451615,2,DANGEROUS
2026-06-06,3,Palk Strait (North),0.9,4.254166666666667,0.9,0.46,5.660416666666666,32.9,59.0,51,6,0.02735562310030395,0.08126610231873391,1,CAUTION
2026-06-06,4,Lakshadweep Sea (SW),2.16,8.725,1.02,1.62,6.814583333333332,18.7,49.0,61,6,0.11550802139037435,0.23772546621828192,2,DANGEROUS
2026-06-07,0,Bay of Bengal (East),0.48,3.6520833333333336,0.44,0.18,8.887500000000001,30.9,59.0,55,6,0.015533980582524271,0.020253164556962022,1,CAUTION
2026-06-07,1,Indian Ocean (South),2.14,10.191666666666666,0.8,1.8,10.085416666666667,32.8,45.4,61,6,0.0652439024390244,0.17847552158644908,2,DANGEROUS
2026-06-07,2,Gulf of Mannar (West),2.12,6.1187499999999995,2.04,0.48,8.852083333333333,37.8,70.9,51,6,0.05608465608465609,0.054224523417274656,2,DANGEROUS
2026-06-07,3,Palk Strait (North),1.08,4.4937499999999995,1.04,0.46,5.902083333333334,36.2,63.7,53,6,0.02983425414364641,0.07793858100953054,2,DANGEROUS
2026-06-07,4,Lakshadweep Sea (SW),2.04,9.158333333333333,0.6,1.46,8.225,16.6,46.4,61,6,0.12289156626506023,0.17750759878419453,2,DANGEROUS
2026-06-08,0,Bay of Bengal (East),0.48,3.5354166666666664,0.44,0.18,8.914583333333335,29.6,58.7,51,6,0.016216216216216214,0.02019163355924281,1,CAUTION
2026-06-08,1,Indian Ocean (South),2.16,9.810416666666667,1.26,1.62,10.002083333333333,41.7,54.0,53,6,0.051798561151079135,0.16196625702978548,2,DANGEROUS
2026-06-08,2,Gulf of Mannar (West),1.92,5.9624999999999995,1.82,0.4,8.179166666666665,35.5,72.4,51,6,0.05408450704225352,0.048904737646459515,2,DANGEROUS
2026-06-08,3,Palk Strait (North),1.16,4.389583333333333,1.12,0.24,5.985416666666667,32.6,59.8,51,6,0.035582822085889566,0.040097459101983986,1,CAUTION
2026-06-08,4,Lakshadweep Sea (SW),1.96,9.025,0.72,1.4,6.170833333333333,17.8,47.2,61,6,0.1101123595505618,0.22687373396353813,1,CAUTION
2026-06-09,0,Bay of Bengal (East),0.48,3.5270833333333336,0.46,0.14,8.691666666666666,32.7,64.1,3,6,0.014678899082568805,0.016107382550335572,1,CAUTION
2026-06-09,1,Indian Ocean (South),2.14,8.577083333333333,1.28,1.38,10.545833333333333,41.2,52.2,55,6,0.051941747572815535,0.1308573686290004,2,DANGEROUS
2026-06-09,2,Gulf of Mannar (West),2.0,6.0125,1.96,0.58,7.979166666666667,33.8,65.2,51,6,0.0591715976331361,0.07268929503916448,2,DANGEROUS
2026-06-09,3,Palk Strait (North),0.9,4.25625,0.88,0.32,5.772916666666667,31.3,57.2,53,6,0.02875399361022364,0.055431252255503424,1,CAUTION
2026-06-09,4,Lakshadweep Sea (SW),1.98,8.047916666666667,0.9,1.54,5.9750000000000005,19.6,46.8,63,6,0.1010204081632653,0.25774058577405856,1,CAUTION
2026-06-10,0,Bay of Bengal (East),0.44,3.514583333333333,0.42,0.14,7.7749999999999995,31.2,59.8,53,6,0.014102564102564103,0.018006430868167205,1,CAUTION
2026-06-10,1,Indian Ocean (South),2.06,8.595833333333333,1.16,1.28,10.608333333333333,41.2,52.6,55,6,0.049999999999999996,0.12065985860172822,2,DANGEROUS
2026-06-10,2,Gulf of Mannar (West),1.78,5.854166666666667,1.7,0.68,7.05,35.2,68.0,51,6,0.05056818181818182,0.09645390070921987,2,DANGEROUS
2026-06-10,3,Palk Strait (North),0.8,4.104166666666667,0.78,0.46,5.316666666666666,30.0,56.5,55,6,0.02666666666666667,0.0865203761755486,1,CAUTION
2026-06-10,4,Lakshadweep Sea (SW),1.96,7.870833333333334,0.98,1.5,5.847916666666666,17.8,47.9,61,6,0.1101123595505618,0.25650160313501963,1,CAUTION
2026-06-11,0,Bay of Bengal (East),0.4,3.7312499999999997,0.38,0.18,8.510416666666666,28.0,57.6,53,6,0.014285714285714287,0.021150550795593637,1,CAUTION
2026-06-11,1,Indian Ocean (South),2.14,9.127083333333333,1.04,1.48,11.897916666666667,40.0,50.8,63,6,0.053500000000000006,0.12439152512694798,2,DANGEROUS
2026-06-11,2,Gulf of Mannar (West),2.12,5.9437500000000005,2.08,0.56,8.045833333333333,36.2,69.5,53,6,0.05856353591160221,0.06960124287933714,2,DANGEROUS
2026-06-11,3,Palk Strait (North),1.1,4.391666666666667,1.08,0.5,5.7375,37.3,64.4,61,6,0.02949061662198392,0.08714596949891068,2,DANGEROUS
2026-06-11,4,Lakshadweep Sea (SW),2.08,8.272916666666667,1.14,1.48,5.883333333333333,18.1,47.5,63,6,0.1149171270718232,0.251558073654391,2,DANGEROUS
2026-06-12,0,Bay of Bengal (East),0.42,3.6458333333333335,0.4,0.16,7.8625,29.4,58.7,61,6,0.014285714285714285,0.020349761526232114,1,CAUTION
2026-06-12,1,Indian Ocean (South),2.36,10.254166666666666,1.0,1.8,11.654166666666667,40.1,52.6,53,6,0.058852867830423934,0.1544511977118341,2,DANGEROUS
2026-06-12,2,Gulf of Mannar (West),2.12,6.214583333333334,2.06,0.84,8.114583333333334,35.4,66.2,61,6,0.05988700564971752,0.10351732991014119,2,DANGEROUS
2026-06-12,3,Palk Strait (North),1.04,4.63125,1.02,0.44,6.129166666666666,32.2,56.2,53,6,0.03229813664596273,0.07178789938817132,1,CAUTION
2026-06-12,4,Lakshadweep Sea (SW),2.28,9.377083333333333,0.96,1.68,8.591666666666667,21.0,50.0,63,6,0.10857142857142857,0.19553831231813773,2,DANGEROUS
2026-06-13,0,Bay of Bengal (East),0.42,3.497916666666667,0.4,0.14,9.133333333333333,31.6,60.5,51,6,0.013291139240506329,0.015328467153284673,1,CAUTION
2026-06-13,1,Indian Ocean (South),2.3,9.466666666666667,1.02,1.62,10.614583333333334,36.9,50.8,51,6,0.06233062330623306,0.15262021589793917,2,DANGEROUS
2026-06-13,2,Gulf of Mannar (West),1.86,6.089583333333334,1.76,0.9,7.895833333333333,32.5,61.9,55,6,0.05723076923076923,0.11398416886543536,1,CAUTION
2026-06-13,3,Palk Strait (North),0.82,4.2749999999999995,0.8,0.5,5.5249999999999995,28.9,52.9,51,6,0.02837370242214533,0.0904977375565611,1,CAUTION
2026-06-13,4,Lakshadweep Sea (SW),2.24,8.704166666666667,0.64,1.7,5.8,19.5,47.5,61,6,0.11487179487179489,0.29310344827586204,2,DANGEROUS
2026-06-14,0,Bay of Bengal (East),0.38,3.3249999999999997,0.36,0.12,9.352083333333333,26.7,57.2,51,6,0.014232209737827716,0.01283136556025841,1,CAUTION
2026-06-14,1,Indian Ocean (South),1.86,9.304166666666667,0.96,1.42,10.258333333333333,37.3,47.2,51,6,0.049865951742627354,0.13842404549147036,2,DANGEROUS
2026-06-14,2,Gulf of Mannar (West),1.8,5.658333333333334,1.64,0.96,6.075,28.6,55.8,51,6,0.06293706293706293,0.1580246913580247,1,CAUTION
2026-06-14,3,Palk Strait (North),0.72,3.795833333333333,0.62,0.38,4.5,24.2,45.4,63,6,0.02975206611570248,0.08444444444444445,1,CAUTION
2026-06-14,4,Lakshadweep Sea (SW),1.72,8.220833333333333,0.66,1.24,5.575,16.3,41.4,51,6,0.10552147239263802,0.22242152466367712,1,CAUTION
2026-06-15,0,Bay of Bengal (East),0.32,3.6020833333333333,0.3,0.12,8.272916666666667,23.4,47.2,51,6,0.013675213675213677,0.0145051624276001,1,CAUTION
2026-06-15,1,Indian Ocean (South),1.9,9.820833333333333,0.76,1.48,10.185416666666667,34.3,45.0,55,6,0.05539358600583091,0.14530578850480672,1,CAUTION
2026-06-15,2,Gulf of Mannar (West),1.36,5.270833333333333,1.18,0.78,5.516666666666667,25.4,49.3,51,6,0.05354330708661418,0.14138972809667674,1,CAUTION
2026-06-15,3,Palk Strait (North),0.66,3.59375,0.64,0.32,4.583333333333333,23.1,40.7,51,6,0.02857142857142857,0.06981818181818182,1,CAUTION
2026-06-15,4,Lakshadweep Sea (SW),1.8,8.200000000000001,0.7,1.3,6.14375,16.1,40.7,61,6,0.11180124223602483,0.2115971515768057,1,CAUTION
2026-06-16,0,Bay of Bengal (East),0.32,6.235416666666667,0.28,0.14,9.34375,22.6,45.4,61,6,0.01415929203539823,0.014983277591973246,1,CAUTION
2026-06-16,1,Indian Ocean (South),1.94,9.145833333333334,0.84,1.52,9.539583333333333,37.3,46.4,53,6,0.052010723860589816,0.15933609958506226,2,DANGEROUS
2026-06-16,2,Gulf of Mannar (West),1.68,5.285416666666666,1.54,0.7,5.595833333333334,26.7,52.6,3,6,0.06292134831460675,0.12509307520476542,1,CAUTION
2026-06-16,3,Palk Strait (North),0.84,3.8041666666666667,0.82,0.36,4.84375,25.4,43.6,3,6,0.03307086614173228,0.07432258064516128,1,CAUTION
2026-06-16,4,Lakshadweep Sea (SW),1.8,7.897916666666667,0.58,1.32,6.483333333333333,17.3,43.2,61,6,0.10404624277456648,0.20359897172236505,1,CAUTION
2026-06-17,0,Bay of Bengal (East),0.38,4.070833333333334,0.34,0.16,8.958333333333334,25.3,50.8,61,6,0.015019762845849802,0.01786046511627907,1,CAUTION
2026-06-17,1,Indian Ocean (South),2.1,8.441666666666666,1.02,1.58,8.097916666666666,39.8,50.0,63,6,0.05276381909547739,0.1951119114998714,2,DANGEROUS
2026-06-17,2,Gulf of Mannar (West),1.68,5.4937499999999995,1.54,0.48,6.479166666666667,31.2,61.2,53,6,0.05384615384615384,0.07408360128617363,1,CAUTION
2026-06-17,3,Palk Strait (North),0.96,4.129166666666666,0.96,0.36,5.354166666666667,27.5,50.0,3,6,0.03490909090909091,0.06723735408560311,1,CAUTION
2026-06-17,4,Lakshadweep Sea (SW),1.8,7.5625,0.96,1.18,8.202083333333333,17.5,41.8,61,6,0.10285714285714286,0.14386588773177547,1,CAUTION
2026-06-18,0,Bay of Bengal (East),0.38,3.9645833333333336,0.34,0.16,8.397916666666667,25.3,51.5,61,6,0.015019762845849802,0.019052344331431405,1,CAUTION
2026-06-18,1,Indian Ocean (South),1.84,8.422916666666667,0.72,1.38,8.950000000000001,35.6,44.3,61,6,0.051685393258426963,0.1541899441340782,2,DANGEROUS
2026-06-18,2,Gulf of Mannar (West),1.46,5.3,1.32,0.5,5.733333333333333,26.9,53.3,51,6,0.05427509293680297,0.0872093023255814,1,CAUTION
2026-06-18,3,Palk Strait (North),0.72,3.8666666666666667,0.6,0.66,4.258333333333334,21.8,38.2,63,6,0.03302752293577981,0.15499021526418785,1,CAUTION
2026-06-18,4,Lakshadweep Sea (SW),1.72,7.558333333333334,0.48,1.2,6.397916666666667,11.8,31.3,65,6,0.14576271186440676,0.18756105503093454,1,CAUTION
2026-06-19,0,Bay of Bengal (East),0.34,6.295833333333333,0.32,0.14,7.7625,23.3,47.9,53,6,0.014592274678111588,0.018035426731078906,1,CAUTION
2026-06-19,1,Indian Ocean (South),1.66,9.747916666666667,0.72,1.1,8.202083333333333,32.1,40.7,53,6,0.05171339563862928,0.13411226822453648,1,CAUTION
2026-06-19,2,Gulf of Mannar (West),1.28,5.154166666666667,1.06,0.62,5.66875,24.8,48.6,51,6,0.05161290322580645,0.1093715545755237,1,CAUTION
2026-06-19,3,Palk Strait (North),0.54,3.497916666666667,0.48,0.36,3.99375,19.6,34.9,55,6,0.027551020408163266,0.09014084507042254,0,SAFE
2026-06-19,4,Lakshadweep Sea (SW),1.46,9.022916666666667,0.38,0.86,11.670833333333334,13.8,34.9,51,6,0.10579710144927536,0.07368796858264905,1,CAUTION
2026-06-20,0,Bay of Bengal (East),0.32,7.279166666666666,0.26,0.22,8.616666666666667,21.6,45.0,63,6,0.014814814814814814,0.02553191489361702,1,CAUTION
2026-06-20,1,Indian Ocean (South),1.86,12.356250000000001,0.36,1.48,13.00625,25.6,32.0,51,6,0.07265625,0.1137914464199904,1,CAUTION
2026-06-20,2,Gulf of Mannar (West),1.38,5.697916666666667,1.14,0.62,9.195833333333333,26.2,50.4,51,6,0.05267175572519084,0.0674218396012687,1,CAUTION
2026-06-20,3,Palk Strait (North),0.86,3.6958333333333333,0.82,0.34,4.6625000000000005,24.9,42.5,63,6,0.03453815261044177,0.07292225201072386,1,CAUTION
2026-06-20,4,Lakshadweep Sea (SW),1.66,11.860416666666666,0.32,1.36,12.581249999999999,13.0,34.2,51,6,0.1276923076923077,0.10809736711376057,1,CAUTION
2026-06-21,0,Bay of Bengal (East),0.32,6.833333333333333,0.22,0.22,7.8125,21.0,43.2,61,6,0.015238095238095238,0.02816,1,CAUTION
2026-06-21,1,Indian Ocean (South),1.98,11.602083333333333,0.72,1.68,12.0,31.6,40.0,61,6,0.06265822784810127,0.13999999999999999,1,CAUTION
2026-06-21,2,Gulf of Mannar (West),1.36,5.864583333333333,1.04,0.82,8.320833333333333,27.0,53.6,51,6,0.05037037037037037,0.09854782173259889,1,CAUTION
2026-06-21,3,Palk Strait (North),0.76,3.7916666666666665,0.72,0.4,4.808333333333334,28.2,52.2,3,6,0.02695035460992908,0.0831889081455806,1,CAUTION
2026-06-21,4,Lakshadweep Sea (SW),1.84,11.13125,0.54,1.4,11.737499999999999,14.2,37.1,55,6,0.12957746478873242,0.11927582534611289,1,CAUTION
2026-06-22,0,Bay of Bengal (East),0.34,4.516666666666667,0.26,0.2,6.8625,21.2,44.3,63,6,0.016037735849056607,0.029143897996357016,1,CAUTION
2026-06-22,1,Indian Ocean (South),2.22,9.989583333333334,1.18,1.46,11.952083333333334,38.1,50.0,63,6,0.05826771653543308,0.12215443611643714,2,DANGEROUS
2026-06-22,2,Gulf of Mannar (West),1.86,6.147916666666667,1.66,0.84,8.585416666666667,32.0,62.6,51,6,0.058125,0.09784033001698617,1,CAUTION
2026-06-22,3,Palk Strait (North),0.92,4.045833333333333,0.86,0.42,5.1875,30.0,55.4,51,6,0.03066666666666667,0.08096385542168674,1,CAUTION
2026-06-22,4,Lakshadweep Sea (SW),2.22,9.71875,0.56,1.62,7.239583333333333,15.5,39.6,63,6,0.14322580645161292,0.22376978417266188,2,DANGEROUS
2026-06-23,0,Bay of Bengal (East),0.34,3.8666666666666667,0.32,0.18,8.125,25.6,50.8,51,6,0.01328125,0.022153846153846152,1,CAUTION
2026-06-23,1,Indian Ocean (South),2.12,9.710416666666667,1.06,1.5,10.233333333333333,37.9,47.5,51,6,0.05593667546174143,0.1465798045602606,2,DANGEROUS
2026-06-23,2,Gulf of Mannar (West),1.56,6.079166666666667,1.06,1.04,5.195833333333334,25.3,50.0,3,6,0.0616600790513834,0.20016038492381716,1,CAUTION
2026-06-23,3,Palk Strait (North),0.58,3.4499999999999997,0.52,0.38,4.308333333333333,22.1,42.5,51,6,0.026244343891402712,0.08820116054158608,1,CAUTION
2026-06-23,4,Lakshadweep Sea (SW),2.02,9.0625,0.64,1.56,6.754166666666666,15.8,38.2,63,6,0.12784810126582277,0.2309685379395435,2,DANGEROUS
2026-06-24,0,Bay of Bengal (East),0.3,4.98125,0.26,0.14,8.043750000000001,20.1,39.2,51,6,0.014925373134328356,0.017404817404817405,1,CAUTION
2026-06-24,1,Indian Ocean (South),1.72,9.69375,0.74,1.38,10.189583333333333,33.6,41.8,51,6,0.05119047619047619,0.13543242690656307,1,CAUTION
2026-06-24,2,Gulf of Mannar (West),1.14,6.045833333333333,0.88,1.04,5.477083333333333,23.2,41.4,51,6,0.04913793103448275,0.18988208444275392,1,CAUTION
2026-06-24,3,Palk Strait (North),0.56,3.3854166666666665,0.52,0.36,3.6625,21.5,38.5,53,6,0.026046511627906978,0.09829351535836177,1,CAUTION
2026-06-24,4,Lakshadweep Sea (SW),1.76,8.995833333333334,0.42,1.26,8.487499999999999,14.6,37.4,55,6,0.12054794520547946,0.1484536082474227,1,CAUTION
